"year","average_building","average_machines","average_intangibles"
"2021",0.480245368427173,0.858318618643086,0.797886094681484
