"year","average_building","average_machines","average_intangibles"
"2023",0.365891014633875,0.786357784245641,0.678551062973214
