"year","average_building","average_machines","average_intangibles"
"2022",0.512372413961757,0.871768526444615,0.776072463909018
