"year","average_building","average_machines","average_intangibles"
"2024",0.476366045470191,0.853250556012525,0.766956160150711
