"year","average_building","average_machines","average_intangibles"
"2021",0.48354559140798,0.857349377348564,0.776321605636038
