"year","average_building","average_machines","average_intangibles"
"2023",0.480259970440856,0.853268061775708,0.764176514186823
