"","year","average_building","average_machines","average_intangibles"
"1",2019,0.486213565489644,0.838187481831141,0.773607808289478
