"year","average_building","average_machines","average_intangibles"
"2024",0.404136758337161,0.812463050795483,0.71495937364276
